{
    "dataset_name": "unsw_nb15",
    "model_type": "transformer_lstm",
    "accuracy": 0.937105453792818,
    "precision": 0.9622265576356316,
    "recall": 0.9384260383774593,
    "f1_score": 0.9501772795278011,
    "confusion_matrix": [
        [
            13040,
            910
        ],
        [
            1521,
            23181
        ]
    ],
    "roc_auc": 0.9886272047392733
}